<?xml version='1.0' encoding='UTF-8'?>
<archive xmlns:SOAP-ENV="http://schemas.xmlsoap.org/soap/envelope/" xmlns:SOAP-ENC="http://schemas.xmlsoap.org/soap/encoding/" xmlns:xsd="http://www.w3.org/2001/XMLSchema" xmlns:xsi="http://www.w3.org/2001/XMLSchema-instance" xmlns:bus="http://developer.cognos.com/schemas/bibus/3/" xmlns:cm="http://developer.cognos.com/schemas/bibus/3/">
<!-- CM Build=11.1.5.31 -->
  <objects>
	<object>
		<class>package</class>
		<name>COVID-19</name>
		<id>1</id>
		<parentId>0</parentId>
		<storeID>iBE8D8C28189C43D68BF7683DD7613756</storeID>
		<props>
			<creationTime>
				<value>2020-03-30T14:57:47.074Z</value>
			</creationTime>
			<modificationTime>
				<value>2020-03-31T15:28:16.157Z</value>
			</modificationTime>
			<name>
				<value><item><locale xsi:type="xsd:string">en-gb</locale><value xsi:type="xsd:string">COVID-19</value></item>
</value>
			</name>
			<owner>
				<value><item><searchPath xsi:type="cm:stringProp">
	<value xsi:type="xsd:string" xml:space="preserve">CAMID("::Anonymous")</value>
</searchPath>
<storeID xsi:type="cm:guidProp">
	<value xsi:type="cm:guid" xml:space="preserve">xOjpBbm9ueW1vdXM_</value>
</storeID></item>
</value>
			</owner>
			<tenantID>
				<value></value>
			</tenantID>
			<displaySequence>
				<value>0</value>
			</displaySequence>
			<hidden>
				<value>false</value>
			</hidden>
			<viewed>
				<value>false</value>
			</viewed>
			<retentions>
				<value><item><objectClass xsi:type="cm:classEnum">model</objectClass><prop xsi:type="cm:propEnum">creationTime</prop><maxObjects xsi:type="xsd:integer">1</maxObjects></item>
</value>
			</retentions>
			<defaultPortalAction>
				<value>view</value>
			</defaultPortalAction>
			<userInterfaces>
				<value><item>eventStudio</item>
<item>queryStudio</item>
<item>reportStudio</item>
<item>EVStudio</item>
</value>
			</userInterfaces>
		</props>
	</object>
	<object>
		<class>exploration</class>
		<name>Overview</name>
		<id>2</id>
		<parentId>1</parentId>
		<storeID>iAF1D5317681A420F93A3A4507D1BE35B</storeID>
		<props>
			<creationTime>
				<value>2020-03-31T15:09:05.912Z</value>
			</creationTime>
			<modificationTime>
				<value>2020-04-01T15:54:18.600Z</value>
			</modificationTime>
			<name>
				<value><item><locale xsi:type="xsd:string">en-gb</locale><value xsi:type="xsd:string">Overview</value></item>
</value>
			</name>
			<owner>
				<value><item><searchPath xsi:type="cm:stringProp">
	<value xsi:type="xsd:string" xml:space="preserve">CAMID("::Anonymous")</value>
</searchPath>
<storeID xsi:type="cm:guidProp">
	<value xsi:type="cm:guid" xml:space="preserve">xOjpBbm9ueW1vdXM_</value>
</storeID></item>
</value>
			</owner>
			<tenantID>
				<value></value>
			</tenantID>
			<displaySequence>
				<value>0</value>
			</displaySequence>
			<hidden>
				<value>false</value>
			</hidden>
			<viewed>
				<value>false</value>
			</viewed>
			<tags>
				<value><item>dashboard</item>
</value>
			</tags>
			<specification>
				<value>{"name":"Overview","layout":{"id":"model00000171311d5eb2_00000000","items":[{"id":"model00000171311d5eb2_00000001","items":[{"id":"model00000171311d5eb2_00000002","css":"templateBox aspectRatio_default","items":[{"id":"model00000171311d5eb2_00000003","style":{"top":"0%","left":"0%","right":"0%","bottom":"0%"},"type":"templateIndicator"},{"id":"model00000171311d875a_00000000","style":{"left":"0.9900205924283226%","top":"1.7600304133255422%","height":"49.93649810268722%","width":"37.45497386345637%"},"type":"widget","relatedLayouts":"","content":{}},{"id":"model0000017131223ceb_00000006","style":{"left":"39.006811341675906%","top":"1.7600304133255422%","height":"49.93382285645896%","width":"37.45346903215587%"},"type":"widget","relatedLayouts":"","content":{}},{"id":"model00000171317d8a22_00000002","style":{"left":"1.5057406361754189%","top":"58.63998728491003%","height":"23.178856143814357%","width":"12.52705627705628%"},"type":"widget","relatedLayouts":"","content":{}},{"id":"model000001713182605c_00000002","style":{"left":"2.007469654528478%","top":"87.2286036783746%","height":"7.514233782617356%","width":"59.65639589169%"},"type":"widget","relatedLayouts":"","content":{}},{"id":"model000001713185a1a7_00000000","style":{"left":"13.989637305699482%","top":"51.42966800997889%","height":"37.58203799654577%","width":"30.106908462867008%"},"type":"widget","relatedLayouts":"","clones":1,"content":{"properties":{"forecasting":{"toggleEnabled":false,"settings":{}}}}},{"id":"model0000017131882449_00000005","from":"model000001713185a1a7_00000000","style":{"left":"44.12780656303973%","top":"51.42966800997889%","height":"37.69917482249088%","width":"29.91580310880829%"},"type":"widget","relatedLayouts":"","clones":0,"content":{}}],"type":"genericPage","layoutPositioning":"relative"}],"type":"container","title":{"translationTable":{"Default":"Tab 1"}},"templateName":"Template1"}],"style":{"height":"100%"},"type":"tab","showGrid":true,"snapGrid":true,"snapObjects":true,"pageSize":{"width":1280,"height":720},"layoutPositioning":"relative"},"theme":"defaultTheme","version":1403,"eventGroups":[{"id":"model00000171311d5eb2_00000001:1","widgetIds":["model00000171311d875a_00000000","model0000017131223ceb_00000006","model00000171317d8a22_00000002","model000001713182605c_00000002","model000001713185a1a7_00000000","model0000017131882449_00000005"]}],"properties":{"customColors":{"colors":[]},"localCache":"no","defaultLocale":"Default","fredIsRed":true},"drillThrough":[],"fredIsRed":{"id":"model00000171311d5eb1_00000000","colorMap":{"Daily Tests (None)":{"v":0,"s":4},"Daily Cases (None)":{"v":1,"s":4}},"saveId":4},"pageContext":[{"origin":"filter","table":"","alias":"0","sourceId":"model00000171311da19e_00000002","scope":"global","hierarchyNames":["Country"],"hierarchyUniqueNames":["[Presentation].[Cases].[Country]"],"exclude":false,"isNamedSet":false,"tupleSet":"{\"[Presentation].[Cases].[Country]-&gt;[United Kingdom]\":{\"u\":\"[Presentation].[Cases].[Country]-&gt;[United Kingdom]\",\"d\":\"United Kingdom\"}}"}],"dataSources":{"version":"1.0","sources":[{"id":"model00000171311da19e_00000002","assetId":"iBE8D8C28189C43D68BF7683DD7613756","type":"package","name":"COVID-19","shaping":{"embeddedModuleUpToDate":true}}]},"widgets":{"model00000171311d875a_00000000":{"type":"live","id":"model00000171311d875a_00000000","visId":"com.ibm.vis.rave2bundlecomposite","titleHtml":{"translationTable":{"Default":"&lt;div class=\"widgetTitle\" title=\"\" aria-labelledby=\"model00000171311d875a_00000000Title\"&gt;&lt;div class=\"textArea\"&gt;&lt;div class=\"summernote\" style=\"display: none;\"&gt;&lt;/div&gt;&lt;div class=\"note-editor\"&gt;&lt;div class=\"note-dropzone\"&gt;  &lt;div class=\"note-dropzone-message\"&gt;&lt;/div&gt;&lt;/div&gt;&lt;div class=\"note-editing-area\"&gt;&lt;div class=\"note-handle\"&gt;&lt;div class=\"note-control-selection\" style=\"display: none;\"&gt;&lt;div class=\"note-control-selection-bg\"&gt;&lt;/div&gt;&lt;div class=\"note-control-holder note-control-nw\"&gt;&lt;/div&gt;&lt;div class=\"note-control-holder note-control-ne\"&gt;&lt;/div&gt;&lt;div class=\"note-control-holder note-control-sw\"&gt;&lt;/div&gt;&lt;div class=\"note-control-sizing note-control-se\"&gt;&lt;/div&gt;&lt;div class=\"note-control-selection-info\"&gt;&lt;/div&gt;&lt;/div&gt;&lt;/div&gt;&lt;div class=\"note-editable\" contenteditable=\"true\" id=\"model00000171311d875a_00000000Title\"&gt;&lt;span class=\"textFitted responsiveColor responsiveFontSize responsiveFontFamily\"&gt;&lt;p&gt;&lt;span&gt;Daily Cases&lt;/span&gt;&lt;/p&gt;&lt;/span&gt;&lt;/div&gt;&lt;/div&gt;&lt;/div&gt;&lt;/div&gt;&lt;/div&gt;"}},"name":{"translationTable":{"Default":"Daily Cases"}},"data":{"dataViews":[{"modelRef":"model00000171311da19e_00000002","dataItems":[{"id":"id1138976755","itemId":"[Presentation].[Cases].[Date]","itemLabel":"Date"},{"id":"id1518942077","itemId":"[Presentation].[Cases].[Daily Cases]","itemLabel":"Daily Cases","navigationPathId":null},{"id":"id2069515002","itemId":"[Presentation].[Cases].[Cases Increase % 5DMA]","itemLabel":"Cases Increase % 5DMA","navigationPathId":null}],"id":"model00000171311dc3b7_00000000","grid":{"viewOption":"projectedAggregated"}}]},"visTypeLocked":true,"slotmapping":{"slots":[{"name":"categories","dataItems":["id1138976755"],"dataItemSettings":[],"layerId":"data"},{"name":"columnValue","dataItems":["id1518942077"],"layerId":"data"},{"name":"lineValue","dataItems":["id2069515002"],"layerId":"data"}]},"annotations":{"selectedAnnotations":[]},"localFilters":[],"properties":[{"id":"lines.smooth","value":true},{"id":"markers.visible","value":false}],"showTitle":true},"model0000017131223ceb_00000006":{"type":"live","id":"model0000017131223ceb_00000006","visId":"com.ibm.vis.rave2bundlecomposite","titleHtml":{"translationTable":{"Default":"&lt;div class=\"widgetTitle\" title=\"\" aria-labelledby=\"model0000017131223ceb_00000006Title\"&gt;&lt;div class=\"textArea\"&gt;&lt;div class=\"summernote\" style=\"display: none;\"&gt;&lt;/div&gt;&lt;div class=\"note-editor\"&gt;&lt;div class=\"note-dropzone\"&gt;  &lt;div class=\"note-dropzone-message\"&gt;&lt;/div&gt;&lt;/div&gt;&lt;div class=\"note-editing-area\"&gt;&lt;div class=\"note-handle\"&gt;&lt;div class=\"note-control-selection\" style=\"display: none;\"&gt;&lt;div class=\"note-control-selection-bg\"&gt;&lt;/div&gt;&lt;div class=\"note-control-holder note-control-nw\"&gt;&lt;/div&gt;&lt;div class=\"note-control-holder note-control-ne\"&gt;&lt;/div&gt;&lt;div class=\"note-control-holder note-control-sw\"&gt;&lt;/div&gt;&lt;div class=\"note-control-sizing note-control-se\"&gt;&lt;/div&gt;&lt;div class=\"note-control-selection-info\"&gt;&lt;/div&gt;&lt;/div&gt;&lt;/div&gt;&lt;div class=\"note-editable\" contenteditable=\"true\" id=\"model0000017131223ceb_00000006Title\"&gt;&lt;span class=\"textFitted responsiveColor responsiveFontSize responsiveFontFamily\"&gt;&lt;p&gt;&lt;span&gt;Daily Deaths&lt;/span&gt;&lt;/p&gt;&lt;/span&gt;&lt;/div&gt;&lt;/div&gt;&lt;/div&gt;&lt;/div&gt;&lt;/div&gt;"}},"name":{"translationTable":{"Default":"Daily Deaths"}},"data":{"dataViews":[{"modelRef":"model00000171311da19e_00000002","dataItems":[{"id":"id1138976755","itemId":"[Presentation].[Cases].[Date]","itemLabel":"Date"},{"id":"id828398107","itemId":"[Presentation].[Cases].[Daily Deaths]","itemLabel":"Daily Deaths","navigationPathId":null},{"id":"id_162739514","itemId":"[Presentation].[Cases].[Deaths Increase % 5DMA]","itemLabel":"Deaths Increase % 5DMA","navigationPathId":null}],"id":"model00000171311dc3b7_00000000","grid":{"viewOption":"projectedAggregated"}}]},"visTypeLocked":true,"slotmapping":{"slots":[{"name":"categories","dataItems":["id1138976755"],"dataItemSettings":[],"layerId":"data"},{"name":"columnValue","dataItems":["id828398107"],"layerId":"data"},{"name":"lineValue","dataItems":["id_162739514"],"layerId":"data"}]},"annotations":{"selectedAnnotations":[]},"localFilters":[],"properties":[{"id":"lines.smooth","value":true},{"id":"markers.visible","value":false}],"showTitle":true},"model00000171317d8a22_00000002":{"type":"live","id":"model00000171317d8a22_00000002","visId":"com.ibm.vis.rave2bundletiledmap","name":{"translationTable":{}},"data":{"dataViews":[{"modelRef":"model00000171311da19e_00000002","dataItems":[{"id":"id_1835477330","itemId":"[Presentation].[Sources].[Country]","itemLabel":"Country","navigationPathId":null}],"id":"model00000171317d8c1a_00000000"}]},"slotmapping":{"slots":[{"name":"locations","dataItems":["id_1835477330"],"layerId":"data.region"}],"layers":[{"type":"data.region","id":"data.region","dataViewId":"model00000171317d8c1a_00000000"}]},"annotations":{"selectedAnnotations":[]},"properties":[{"id":"interactivityState","value":{"smc":1,"sub":[{"i":0,"s":{"version":1,"boundingBox":[[6.880488762802372,37.24448527330695],[18.266522237195602,45.590485844963695]]}}]}}]},"model000001713182605c_00000002":{"type":"live","id":"model000001713182605c_00000002","visId":"JQGrid","name":{"translationTable":{}},"data":{"dataViews":[{"modelRef":"model00000171311da19e_00000002","dataItems":[{"id":"id_143859380","itemId":"[Presentation].[Sources].[Source URL]","itemLabel":"Source URL","navigationPathId":null}],"id":"model000001713182605c_00000000"}]},"slotmapping":{"slots":[{"name":"grid_cols","dataItems":["id_143859380"],"layerId":"data"}]}},"model000001713185a1a7_00000000":{"type":"live","id":"model000001713185a1a7_00000000","visId":"com.ibm.vis.rave2bundlecolumn","titleHtml":{"translationTable":{"Default":"&lt;div class=\"widgetTitle\" title=\"\" aria-labelledby=\"model000001713185a1a7_00000000Title\"&gt;&lt;div class=\"textArea\"&gt;&lt;div class=\"summernote\" style=\"display: none;\"&gt;&lt;/div&gt;&lt;div class=\"note-editor\"&gt;&lt;div class=\"note-dropzone\"&gt;  &lt;div class=\"note-dropzone-message\"&gt;&lt;/div&gt;&lt;/div&gt;&lt;div class=\"note-editing-area\"&gt;&lt;div class=\"note-handle\"&gt;&lt;div class=\"note-control-selection\" style=\"display: none;\"&gt;&lt;div class=\"note-control-selection-bg\"&gt;&lt;/div&gt;&lt;div class=\"note-control-holder note-control-nw\"&gt;&lt;/div&gt;&lt;div class=\"note-control-holder note-control-ne\"&gt;&lt;/div&gt;&lt;div class=\"note-control-holder note-control-sw\"&gt;&lt;/div&gt;&lt;div class=\"note-control-sizing note-control-se\"&gt;&lt;/div&gt;&lt;div class=\"note-control-selection-info\"&gt;&lt;/div&gt;&lt;/div&gt;&lt;/div&gt;&lt;div class=\"note-editable\" contenteditable=\"true\" id=\"model000001713185a1a7_00000000Title\"&gt;&lt;span class=\"textFitted responsiveColor responsiveFontSize responsiveFontFamily\"&gt;&lt;p&gt;&lt;span&gt;Daily Tests &amp;amp; Cases&lt;/span&gt;&lt;/p&gt;&lt;/span&gt;&lt;/div&gt;&lt;/div&gt;&lt;/div&gt;&lt;/div&gt;&lt;/div&gt;"}},"name":{"translationTable":{"Default":"Daily Tests &amp; Cases"}},"data":{"dataViews":[{"modelRef":"model00000171311da19e_00000002","dataItems":[{"id":"id1138976755","itemId":"[Presentation].[Cases].[Date]","itemLabel":"Date","navigationPathId":null},{"id":"id2009346143","itemId":"[Presentation].[Cases].[Daily Tests]","itemLabel":"Daily Tests","navigationPathId":null},{"id":"id1518942077","itemId":"[Presentation].[Cases].[Daily Cases]","itemLabel":"Daily Cases","navigationPathId":null},{"id":"_multiMeasuresSeries","itemId":"_multiMeasuresSeries","itemLabel":"Measures group (2)"}],"id":"model000001713185efeb_00000000","grid":{"viewOption":"projectedAggregated"}}]},"visTypeLocked":true,"slotmapping":{"slots":[{"name":"categories","dataItems":["id1138976755"],"dataItemSettings":[],"layerId":"data"},{"name":"values","dataItems":["id2009346143","id1518942077"],"dataItemSettings":[],"layerId":"data"},{"name":"color","dataItems":["_multiMeasuresSeries"],"dataItemSettings":[],"layerId":"data"}]},"annotations":{"selectedAnnotations":[]},"localFilters":[],"showTitle":true,"properties":[{"id":"widget.legend.size","value":null}]},"model0000017131882449_00000005":{"type":"live","id":"model0000017131882449_00000005","visId":"com.ibm.vis.rave2bundlecomposite","titleHtml":{"translationTable":{"Default":"&lt;div class=\"widgetTitle\" title=\"\" aria-labelledby=\"model000001713185a1a7_00000000Title\"&gt;&lt;div class=\"textArea\"&gt;&lt;div class=\"summernote\" style=\"display: none;\"&gt;&lt;/div&gt;&lt;div class=\"note-editor\"&gt;&lt;div class=\"note-dropzone\"&gt;  &lt;div class=\"note-dropzone-message\"&gt;&lt;/div&gt;&lt;/div&gt;&lt;div class=\"note-editing-area\"&gt;&lt;div class=\"note-handle\"&gt;&lt;div class=\"note-control-selection\" style=\"display: none;\"&gt;&lt;div class=\"note-control-selection-bg\"&gt;&lt;/div&gt;&lt;div class=\"note-control-holder note-control-nw\"&gt;&lt;/div&gt;&lt;div class=\"note-control-holder note-control-ne\"&gt;&lt;/div&gt;&lt;div class=\"note-control-holder note-control-sw\"&gt;&lt;/div&gt;&lt;div class=\"note-control-sizing note-control-se\"&gt;&lt;/div&gt;&lt;div class=\"note-control-selection-info\"&gt;&lt;/div&gt;&lt;/div&gt;&lt;/div&gt;&lt;div class=\"note-editable\" contenteditable=\"true\" id=\"model000001713185a1a7_00000000Title\"&gt;&lt;span class=\"textFitted responsiveColor responsiveFontSize responsiveFontFamily\"&gt;&lt;p&gt;&lt;span&gt;Total Cases/Deaths&lt;/span&gt;&lt;/p&gt;&lt;/span&gt;&lt;/div&gt;&lt;/div&gt;&lt;/div&gt;&lt;/div&gt;&lt;/div&gt;"}},"name":{"translationTable":{"Default":"Total Cases/Deaths"}},"data":{"dataViews":[{"modelRef":"model00000171311da19e_00000002","dataItems":[{"id":"id1138976755","itemId":"[Presentation].[Cases].[Date]","itemLabel":"Date","navigationPathId":null},{"id":"id_461767610","itemId":"[Presentation].[Cases].[Total Deaths]","itemLabel":"Total Deaths","navigationPathId":null},{"id":"id_739433486","itemId":"[Presentation].[Cases].[Total Cases]","itemLabel":"Total Cases","navigationPathId":null}],"id":"model000001713185efeb_00000000","grid":{"viewOption":"projectedAggregated"}}]},"visTypeLocked":true,"slotmapping":{"slots":[{"name":"categories","dataItems":["id1138976755"],"dataItemSettings":[],"layerId":"data"},{"name":"lineValue","dataItems":["id_461767610"],"layerId":"data"},{"name":"columnValue","dataItems":["id_739433486"],"layerId":"data"}]},"annotations":{"selectedAnnotations":["AVERAGE","MEANINGFUL_DIFFERENCES"]},"showTitle":true,"properties":[{"id":"widget.legend.size","value":{"value":5.4,"unit":"%"}}]}}}</value>
			</specification>
			<deploymentReferences>
				<value><item>
<name xsi:type="SOAP-ENC:Array" SOAP-ENC:arrayType="cm:multilingualToken[]">
	<item xsi:type="cm:multilingualToken"><locale xsi:type="xsd:string">en-gb</locale><value xsi:type="xsd:string">iBE8D8C28189C43D68BF7683DD7613756</value>
	</item>
</name>
<objects xsi:type="SOAP-ENC:Array" SOAP-ENC:arrayType="cm:baseClass[]">
	<item xsi:type="cm:package">
		<searchPath xsi:type="cm:stringProp">
			<value xsi:type="xsd:string" xml:space="preserve">/content/package[@name=&apos;COVID-19&apos;]</value>
		</searchPath>
		<storeID xsi:type="cm:guidProp">
			<value xsi:type="cm:guid" xml:space="preserve">iBE8D8C28189C43D68BF7683DD7613756</value>
		</storeID>
	</item>
</objects></item>
</value>
			</deploymentReferences>
		</props>
	</object>
	<object>
		<class>model</class>
		<name>model</name>
		<id>3</id>
		<parentId>1</parentId>
		<storeID>i8923B2D4E1094FB694EC36627D5310C8</storeID>
		<props>
			<creationTime>
				<value>2020-03-31T15:28:16.157Z</value>
			</creationTime>
			<modificationTime>
				<value>2020-03-31T15:28:16.174Z</value>
			</modificationTime>
			<name>
				<value><item><locale xsi:type="xsd:string">en-gb</locale><value xsi:type="xsd:string">model</value></item>
</value>
			</name>
			<owner>
				<value><item><searchPath xsi:type="cm:stringProp">
	<value xsi:type="xsd:string" xml:space="preserve">CAMID("::Anonymous")</value>
</searchPath>
<storeID xsi:type="cm:guidProp">
	<value xsi:type="cm:guid" xml:space="preserve">xOjpBbm9ueW1vdXM_</value>
</storeID></item>
</value>
			</owner>
			<tenantID>
				<value></value>
			</tenantID>
			<displaySequence>
				<value>0</value>
			</displaySequence>
			<hidden>
				<value>false</value>
			</hidden>
			<viewed>
				<value>false</value>
			</viewed>
			<options>
				<value><item xsi:type="cm:genericOptionAnyURI"><name xsi:type="xsd:string">http://developer.cognos.com/ceba/constants/queryOptionEnum#mode</name><value xsi:type="xsd:string">http://developer.cognos.com/ceba/constants/queryModeEnum#dynamic</value>
</item>
</value>
			</options>
			<model>
				<value href="0.dat" size="3038"/>
			</model>
		</props>
	</object>
	<object>
		<class>packageConfiguration</class>
		<name>COVID-19</name>
		<id>4</id>
		<parentId>1</parentId>
		<storeID>i3DCCA3EB58B4403EAC175539F7ABA52A</storeID>
		<props>
			<creationTime>
				<value>2020-03-30T14:57:47.172Z</value>
			</creationTime>
			<modificationTime>
				<value>2020-03-30T14:57:47.172Z</value>
			</modificationTime>
			<name>
				<value><item><locale xsi:type="xsd:string">en-gb</locale><value xsi:type="xsd:string">COVID-19</value></item>
</value>
			</name>
			<owner>
				<value><item><searchPath xsi:type="cm:stringProp">
	<value xsi:type="xsd:string" xml:space="preserve">CAMID("::Anonymous")</value>
</searchPath>
<storeID xsi:type="cm:guidProp">
	<value xsi:type="cm:guid" xml:space="preserve">xOjpBbm9ueW1vdXM_</value>
</storeID></item>
</value>
			</owner>
			<tenantID>
				<value></value>
			</tenantID>
			<displaySequence>
				<value>0</value>
			</displaySequence>
			<hidden>
				<value>false</value>
			</hidden>
			<viewed>
				<value>false</value>
			</viewed>
			<crosstabItemDisplayCountDefault>
				<value>5</value>
			</crosstabItemDisplayCountDefault>
			<crosstabItemDisplayCountLimit>
				<value>20</value>
			</crosstabItemDisplayCountLimit>
			<memberDisplayCountDefault>
				<value>20</value>
			</memberDisplayCountDefault>
			<memberDisplayCountLimit>
				<value>50</value>
			</memberDisplayCountLimit>
		</props>
	</object>
	<object>
		<class>report</class>
		<name>Base</name>
		<id>5</id>
		<parentId>1</parentId>
		<storeID>i7F108B8584F8470C85F85CA2E91B395E</storeID>
		<props>
			<creationTime>
				<value>2020-03-30T15:04:44.024Z</value>
			</creationTime>
			<modificationTime>
				<value>2020-03-31T15:00:11.172Z</value>
			</modificationTime>
			<name>
				<value><item><locale xsi:type="xsd:string">en-gb</locale><value xsi:type="xsd:string">Base</value></item>
</value>
			</name>
			<owner>
				<value><item><searchPath xsi:type="cm:stringProp">
	<value xsi:type="xsd:string" xml:space="preserve">CAMID("::Anonymous")</value>
</searchPath>
<storeID xsi:type="cm:guidProp">
	<value xsi:type="cm:guid" xml:space="preserve">xOjpBbm9ueW1vdXM_</value>
</storeID></item>
</value>
			</owner>
			<tenantID>
				<value></value>
			</tenantID>
			<displaySequence>
				<value>0</value>
			</displaySequence>
			<hidden>
				<value>false</value>
			</hidden>
			<viewed>
				<value>false</value>
			</viewed>
			<allowNotification>
				<value>true</value>
			</allowNotification>
			<allowSubscription>
				<value>false</value>
			</allowSubscription>
			<defaultPortalAction>
				<value>viewOutput</value>
			</defaultPortalAction>
			<executionPrompt>
				<value>true</value>
			</executionPrompt>
			<retentions>
				<value><item><objectClass xsi:type="cm:classEnum">history</objectClass><prop xsi:type="cm:propEnum">creationTime</prop><maxObjects xsi:type="xsd:integer">5</maxObjects></item>
<item><objectClass xsi:type="cm:classEnum">reportVersion</objectClass><prop xsi:type="cm:propEnum">creationTime</prop><maxObjects xsi:type="xsd:integer">1</maxObjects></item>
</value>
			</retentions>
			<canBurst>
				<value>false</value>
			</canBurst>
			<metadataModelPackage>
				<value><item><searchPath xsi:type="cm:stringProp">
	<value xsi:type="xsd:string" xml:space="preserve">/content/package[@name=&apos;COVID-19&apos;]</value>
</searchPath>
<storeID xsi:type="cm:guidProp">
	<value xsi:type="cm:guid" xml:space="preserve">iBE8D8C28189C43D68BF7683DD7613756</value>
</storeID></item>
</value>
			</metadataModelPackage>
			<runInAdvancedViewer>
				<value>true</value>
			</runInAdvancedViewer>
			<specification>
				<value>&lt;report xmlns="http://developer.cognos.com/schemas/report/15.3/"           expressionLocale="en-gb" useStyleVersion="11.5"&gt;
				
				&lt;drillBehavior/&gt;
				&lt;layouts&gt;
					&lt;layout&gt;
						&lt;reportPages&gt;
							&lt;page name="Page1"&gt;
								&lt;style&gt;
									&lt;defaultStyles&gt;
										&lt;defaultStyle refStyle="pg"/&gt;
									&lt;/defaultStyles&gt;
								&lt;/style&gt;
								&lt;pageBody&gt;
									&lt;style&gt;
										&lt;defaultStyles&gt;
											&lt;defaultStyle refStyle="pb"/&gt;
										&lt;/defaultStyles&gt;
									&lt;/style&gt;
									&lt;contents&gt;&lt;table&gt;&lt;style&gt;&lt;CSS value="border-collapse:collapse;width:100%"/&gt;&lt;defaultStyles&gt;&lt;defaultStyle refStyle="tb"/&gt;&lt;defaultStyle refStyle="GuidedLayoutMargin"/&gt;&lt;/defaultStyles&gt;&lt;/style&gt;&lt;tableRows&gt;&lt;tableRow&gt;&lt;tableCells&gt;&lt;tableCell colSpan="2"&gt;&lt;contents&gt;&lt;table&gt;&lt;style&gt;&lt;CSS value="border-collapse:collapse;width:100%"/&gt;&lt;defaultStyles&gt;&lt;defaultStyle refStyle="tb"/&gt;&lt;/defaultStyles&gt;&lt;/style&gt;&lt;tableRows&gt;&lt;tableRow&gt;&lt;tableCells&gt;&lt;tableCell&gt;&lt;contents&gt;&lt;selectValue parameter="country" refQuery="qCountry" autoSubmit="true"&gt;&lt;useItem refDataItem="Country Code"&gt;&lt;displayItem refDataItem="Country"/&gt;&lt;/useItem&gt;&lt;sortList&gt;&lt;sortItem refDataItem="Country"/&gt;&lt;/sortList&gt;&lt;/selectValue&gt;&lt;/contents&gt;&lt;style&gt;&lt;CSS value="text-align:left;vertical-align:top;width:50%"/&gt;&lt;/style&gt;&lt;/tableCell&gt;&lt;tableCell&gt;&lt;contents/&gt;&lt;style&gt;&lt;CSS value="width:50%;text-align:left;vertical-align:top"/&gt;&lt;/style&gt;&lt;/tableCell&gt;&lt;/tableCells&gt;&lt;/tableRow&gt;&lt;/tableRows&gt;&lt;/table&gt;&lt;/contents&gt;&lt;style&gt;&lt;CSS value="width:100%;text-align:left;vertical-align:top;height:50%"/&gt;&lt;defaultStyles&gt;&lt;defaultStyle refStyle="GuidedLayoutBottomPadding"/&gt;&lt;/defaultStyles&gt;&lt;/style&gt;&lt;/tableCell&gt;&lt;/tableCells&gt;&lt;/tableRow&gt;&lt;tableRow&gt;&lt;tableCells&gt;&lt;tableCell&gt;&lt;contents&gt;&lt;block&gt;
			&lt;contents/&gt;
		&lt;/block&gt;&lt;viz type="rave-library-composite,compositeOneDataSet" name="Simple line and column1" outputType="static"&gt;&lt;XMLAttributes&gt;&lt;XMLAttribute output="no" name="supportsDefaultDataFormatting" value="true"/&gt;&lt;/XMLAttributes&gt;&lt;vizPropertyValues&gt;&lt;vizPropertyIntegerValue name="width"&gt;500&lt;/vizPropertyIntegerValue&gt;&lt;vizPropertyIntegerValue name="height"&gt;500&lt;/vizPropertyIntegerValue&gt;&lt;/vizPropertyValues&gt;&lt;vizDataSets&gt;&lt;vizDataSet idDataSet="composite" name="Simple line and column1: Tabular data sets - line and column" refQuery="Query1"&gt;&lt;vizCategories&gt;&lt;vizCategoryEdge refEdge="xEdge"&gt;&lt;vizCategoryLevels&gt;&lt;vizCategoryLevel&gt;&lt;vizCategoryField idField="x" valueRange="all"&gt;&lt;vizCategoryDataItems&gt;&lt;vizCategoryDataItem refDataItem="Date"/&gt;&lt;/vizCategoryDataItems&gt;&lt;/vizCategoryField&gt;&lt;/vizCategoryLevel&gt;&lt;/vizCategoryLevels&gt;&lt;/vizCategoryEdge&gt;&lt;vizCategoryEdge refEdge="colorLineEdge"&gt;&lt;vizCategoryLevels&gt;&lt;vizCategoryLevel&gt;&lt;vizCategoryField idField="colorLine" valueRange="all"/&gt;&lt;/vizCategoryLevel&gt;&lt;/vizCategoryLevels&gt;&lt;/vizCategoryEdge&gt;&lt;/vizCategories&gt;&lt;vizValues&gt;&lt;vizValue idField="y" refDataItem="Daily Cases"&gt;&lt;vizValueRange&gt;&lt;vizValueRangeComputed rangeData="all"/&gt;&lt;/vizValueRange&gt;&lt;/vizValue&gt;&lt;/vizValues&gt;&lt;/vizDataSet&gt;&lt;/vizDataSets&gt;&lt;/viz&gt;&lt;/contents&gt;&lt;style&gt;&lt;CSS value="text-align:left;vertical-align:top;height:50%;width:50%"/&gt;&lt;defaultStyles&gt;&lt;defaultStyle refStyle="GuidedLayoutTopPadding"/&gt;&lt;defaultStyle refStyle="GuidedLayoutRightPadding"/&gt;&lt;/defaultStyles&gt;&lt;/style&gt;&lt;/tableCell&gt;&lt;tableCell&gt;&lt;contents&gt;&lt;viz type="sample.Combination" name="Combination chart" outputType="static"&gt;&lt;XMLAttributes&gt;&lt;XMLAttribute output="no" name="supportsDefaultDataFormatting" value="true"/&gt;&lt;/XMLAttributes&gt;&lt;vizPropertyValues&gt;&lt;vizPropertyIntegerValue name="width"&gt;500&lt;/vizPropertyIntegerValue&gt;&lt;vizPropertyIntegerValue name="height"&gt;500&lt;/vizPropertyIntegerValue&gt;&lt;/vizPropertyValues&gt;&lt;vizDataSets&gt;&lt;vizDataSet idDataSet="dataSet1" name="Combination chart: Clustered column data" refQuery="Query1"&gt;&lt;vizCategories&gt;&lt;vizCategoryEdge refEdge="series1Edge"&gt;&lt;vizCategoryLevels&gt;&lt;vizCategoryLevel&gt;&lt;vizCategoryField idField="series1" valueRange="all"/&gt;&lt;/vizCategoryLevel&gt;&lt;/vizCategoryLevels&gt;&lt;/vizCategoryEdge&gt;&lt;vizCategoryEdge refEdge="categories1Edge"&gt;&lt;vizCategoryLevels&gt;&lt;vizCategoryLevel&gt;&lt;vizCategoryField idField="categories1" valueRange="all"&gt;&lt;vizCategoryDataItems&gt;&lt;vizCategoryDataItem refDataItem="Date"/&gt;&lt;/vizCategoryDataItems&gt;&lt;/vizCategoryField&gt;&lt;/vizCategoryLevel&gt;&lt;/vizCategoryLevels&gt;&lt;/vizCategoryEdge&gt;&lt;/vizCategories&gt;&lt;vizValues&gt;&lt;vizValue idField="size1" refDataItem="Daily Cases"&gt;&lt;vizValueRange&gt;&lt;vizValueRangeComputed rangeData="all"/&gt;&lt;/vizValueRange&gt;&lt;/vizValue&gt;&lt;/vizValues&gt;&lt;/vizDataSet&gt;&lt;vizDataSet idDataSet="dataSet2" name="Combination chart: Line data" refQuery="Query1"&gt;&lt;vizCategories&gt;&lt;vizCategoryEdge refEdge="series2Edge"&gt;&lt;vizCategoryLevels&gt;&lt;vizCategoryLevel&gt;&lt;vizCategoryField idField="series2" valueRange="all"/&gt;&lt;/vizCategoryLevel&gt;&lt;/vizCategoryLevels&gt;&lt;/vizCategoryEdge&gt;&lt;vizCategoryEdge refEdge="categories2Edge"&gt;&lt;vizCategoryLevels&gt;&lt;vizCategoryLevel&gt;&lt;vizCategoryField idField="categories2" valueRange="all"&gt;&lt;vizCategoryDataItems&gt;&lt;vizCategoryDataItem refDataItem="Date"/&gt;&lt;/vizCategoryDataItems&gt;&lt;/vizCategoryField&gt;&lt;/vizCategoryLevel&gt;&lt;/vizCategoryLevels&gt;&lt;/vizCategoryEdge&gt;&lt;/vizCategories&gt;&lt;vizValues&gt;&lt;vizValue rollupMethod="average" idField="size2" refDataItem="Daily Cases Increase %"&gt;&lt;vizValueRange&gt;&lt;vizValueRangeComputed rangeData="all"/&gt;&lt;/vizValueRange&gt;&lt;/vizValue&gt;&lt;/vizValues&gt;&lt;/vizDataSet&gt;&lt;/vizDataSets&gt;&lt;/viz&gt;&lt;/contents&gt;&lt;style&gt;&lt;CSS value="text-align:left;vertical-align:top;width:50%"/&gt;&lt;defaultStyles&gt;&lt;defaultStyle refStyle="GuidedLayoutTopPadding"/&gt;&lt;defaultStyle refStyle="GuidedLayoutLeftPadding"/&gt;&lt;/defaultStyles&gt;&lt;/style&gt;&lt;/tableCell&gt;&lt;/tableCells&gt;&lt;/tableRow&gt;&lt;/tableRows&gt;&lt;/table&gt;&lt;list showColumnTitles="hide" refQuery="Query1" name="List2"&gt;
			&lt;listColumns&gt;
				&lt;listColumn&gt;
					&lt;listColumnTitle&gt;
						&lt;contents/&gt;
					&lt;/listColumnTitle&gt;
					&lt;listColumnBody&gt;
						&lt;contents&gt;&lt;list horizontalPagination="true" name="List1" refQuery="Query1"&gt;
			
			
			
			&lt;noDataHandler&gt;
				&lt;contents&gt;
					&lt;block&gt;
						&lt;contents&gt;
							&lt;textItem&gt;
								&lt;dataSource&gt;
									&lt;staticValue&gt;No Data Available&lt;/staticValue&gt;
								&lt;/dataSource&gt;
							&lt;/textItem&gt;
						&lt;/contents&gt;
						&lt;style&gt;
							&lt;CSS value="padding:16px;"/&gt;
						&lt;/style&gt;
					&lt;/block&gt;
				&lt;/contents&gt;
			&lt;/noDataHandler&gt;
			&lt;style&gt;
				&lt;CSS value="border-collapse:collapse"/&gt;
				&lt;defaultStyles&gt;
					&lt;defaultStyle refStyle="ls"/&gt;
				&lt;/defaultStyles&gt;
			&lt;/style&gt;
		&lt;listColumns&gt;&lt;listColumn&gt;&lt;listColumnTitle&gt;&lt;style&gt;&lt;defaultStyles&gt;&lt;defaultStyle refStyle="lt"/&gt;&lt;/defaultStyles&gt;&lt;/style&gt;&lt;contents&gt;&lt;textItem&gt;&lt;dataSource&gt;&lt;dataItemLabel refDataItem="Date"/&gt;&lt;/dataSource&gt;&lt;/textItem&gt;&lt;/contents&gt;&lt;/listColumnTitle&gt;&lt;listColumnBody&gt;&lt;style&gt;&lt;defaultStyles&gt;&lt;defaultStyle refStyle="lc"/&gt;&lt;/defaultStyles&gt;&lt;/style&gt;&lt;contents&gt;&lt;textItem&gt;&lt;dataSource&gt;&lt;dataItemValue refDataItem="Date"/&gt;&lt;/dataSource&gt;&lt;/textItem&gt;&lt;/contents&gt;&lt;/listColumnBody&gt;&lt;/listColumn&gt;&lt;listColumn&gt;&lt;listColumnTitle&gt;&lt;style&gt;&lt;defaultStyles&gt;&lt;defaultStyle refStyle="lt"/&gt;&lt;/defaultStyles&gt;&lt;/style&gt;&lt;contents&gt;&lt;textItem&gt;&lt;dataSource&gt;&lt;dataItemLabel refDataItem="Total Tests"/&gt;&lt;/dataSource&gt;&lt;/textItem&gt;&lt;/contents&gt;&lt;/listColumnTitle&gt;&lt;listColumnBody&gt;&lt;style&gt;&lt;defaultStyles&gt;&lt;defaultStyle refStyle="lm"/&gt;&lt;/defaultStyles&gt;&lt;/style&gt;&lt;contents&gt;&lt;textItem&gt;&lt;dataSource&gt;&lt;dataItemValue refDataItem="Total Tests"/&gt;&lt;/dataSource&gt;&lt;/textItem&gt;&lt;/contents&gt;&lt;/listColumnBody&gt;&lt;/listColumn&gt;&lt;listColumn&gt;&lt;listColumnTitle&gt;&lt;style&gt;&lt;defaultStyles&gt;&lt;defaultStyle refStyle="lt"/&gt;&lt;/defaultStyles&gt;&lt;/style&gt;&lt;contents&gt;&lt;textItem&gt;&lt;dataSource&gt;&lt;dataItemLabel refDataItem="Total Cases"/&gt;&lt;/dataSource&gt;&lt;/textItem&gt;&lt;/contents&gt;&lt;/listColumnTitle&gt;&lt;listColumnBody&gt;&lt;style&gt;&lt;defaultStyles&gt;&lt;defaultStyle refStyle="lm"/&gt;&lt;/defaultStyles&gt;&lt;/style&gt;&lt;contents&gt;&lt;textItem&gt;&lt;dataSource&gt;&lt;dataItemValue refDataItem="Total Cases"/&gt;&lt;/dataSource&gt;&lt;/textItem&gt;&lt;/contents&gt;&lt;/listColumnBody&gt;&lt;/listColumn&gt;&lt;listColumn&gt;&lt;listColumnTitle&gt;&lt;style&gt;&lt;defaultStyles&gt;&lt;defaultStyle refStyle="lt"/&gt;&lt;/defaultStyles&gt;&lt;/style&gt;&lt;contents&gt;&lt;textItem&gt;&lt;dataSource&gt;&lt;dataItemLabel refDataItem="Total Deaths"/&gt;&lt;/dataSource&gt;&lt;/textItem&gt;&lt;/contents&gt;&lt;/listColumnTitle&gt;&lt;listColumnBody&gt;&lt;style&gt;&lt;defaultStyles&gt;&lt;defaultStyle refStyle="lm"/&gt;&lt;/defaultStyles&gt;&lt;/style&gt;&lt;contents&gt;&lt;textItem&gt;&lt;dataSource&gt;&lt;dataItemValue refDataItem="Total Deaths"/&gt;&lt;/dataSource&gt;&lt;/textItem&gt;&lt;/contents&gt;&lt;/listColumnBody&gt;&lt;/listColumn&gt;&lt;listColumn&gt;&lt;listColumnTitle&gt;&lt;style&gt;&lt;defaultStyles&gt;&lt;defaultStyle refStyle="lt"/&gt;&lt;/defaultStyles&gt;&lt;/style&gt;&lt;contents&gt;&lt;textItem&gt;&lt;dataSource&gt;&lt;dataItemLabel refDataItem="Daily Tests"/&gt;&lt;/dataSource&gt;&lt;/textItem&gt;&lt;/contents&gt;&lt;/listColumnTitle&gt;&lt;listColumnBody&gt;&lt;style&gt;&lt;defaultStyles&gt;&lt;defaultStyle refStyle="lm"/&gt;&lt;/defaultStyles&gt;&lt;/style&gt;&lt;contents&gt;&lt;textItem&gt;&lt;dataSource&gt;&lt;dataItemValue refDataItem="Daily Tests"/&gt;&lt;/dataSource&gt;&lt;/textItem&gt;&lt;/contents&gt;&lt;/listColumnBody&gt;&lt;/listColumn&gt;&lt;listColumn&gt;&lt;listColumnTitle&gt;&lt;style&gt;&lt;defaultStyles&gt;&lt;defaultStyle refStyle="lt"/&gt;&lt;/defaultStyles&gt;&lt;/style&gt;&lt;contents&gt;&lt;textItem&gt;&lt;dataSource&gt;&lt;dataItemLabel refDataItem="Daily Cases"/&gt;&lt;/dataSource&gt;&lt;/textItem&gt;&lt;/contents&gt;&lt;/listColumnTitle&gt;&lt;listColumnBody&gt;&lt;style&gt;&lt;defaultStyles&gt;&lt;defaultStyle refStyle="lm"/&gt;&lt;/defaultStyles&gt;&lt;/style&gt;&lt;contents&gt;&lt;textItem&gt;&lt;dataSource&gt;&lt;dataItemValue refDataItem="Daily Cases"/&gt;&lt;/dataSource&gt;&lt;/textItem&gt;&lt;/contents&gt;&lt;/listColumnBody&gt;&lt;/listColumn&gt;&lt;listColumn&gt;&lt;listColumnTitle&gt;&lt;style&gt;&lt;defaultStyles&gt;&lt;defaultStyle refStyle="lt"/&gt;&lt;/defaultStyles&gt;&lt;/style&gt;&lt;contents&gt;&lt;textItem&gt;&lt;dataSource&gt;&lt;dataItemLabel refDataItem="Daily Cases Increase %"/&gt;&lt;/dataSource&gt;&lt;/textItem&gt;&lt;/contents&gt;&lt;/listColumnTitle&gt;&lt;listColumnBody&gt;&lt;style&gt;&lt;defaultStyles&gt;&lt;defaultStyle refStyle="lm"/&gt;&lt;/defaultStyles&gt;&lt;/style&gt;&lt;contents&gt;&lt;textItem&gt;&lt;dataSource&gt;&lt;dataItemValue refDataItem="Daily Cases Increase %"/&gt;&lt;/dataSource&gt;&lt;/textItem&gt;&lt;/contents&gt;&lt;/listColumnBody&gt;&lt;/listColumn&gt;&lt;listColumn&gt;&lt;listColumnTitle&gt;&lt;style&gt;&lt;defaultStyles&gt;&lt;defaultStyle refStyle="lt"/&gt;&lt;/defaultStyles&gt;&lt;/style&gt;&lt;contents&gt;&lt;textItem&gt;&lt;dataSource&gt;&lt;dataItemLabel refDataItem="Daily Deaths"/&gt;&lt;/dataSource&gt;&lt;/textItem&gt;&lt;/contents&gt;&lt;/listColumnTitle&gt;&lt;listColumnBody&gt;&lt;style&gt;&lt;defaultStyles&gt;&lt;defaultStyle refStyle="lm"/&gt;&lt;/defaultStyles&gt;&lt;/style&gt;&lt;contents&gt;&lt;textItem&gt;&lt;dataSource&gt;&lt;dataItemValue refDataItem="Daily Deaths"/&gt;&lt;/dataSource&gt;&lt;/textItem&gt;&lt;/contents&gt;&lt;/listColumnBody&gt;&lt;/listColumn&gt;&lt;listColumn&gt;&lt;listColumnTitle&gt;&lt;style&gt;&lt;defaultStyles&gt;&lt;defaultStyle refStyle="lt"/&gt;&lt;/defaultStyles&gt;&lt;/style&gt;&lt;contents&gt;&lt;textItem&gt;&lt;dataSource&gt;&lt;dataItemLabel refDataItem="Daily Deaths Increase %"/&gt;&lt;/dataSource&gt;&lt;/textItem&gt;&lt;/contents&gt;&lt;/listColumnTitle&gt;&lt;listColumnBody&gt;&lt;style&gt;&lt;defaultStyles&gt;&lt;defaultStyle refStyle="lm"/&gt;&lt;/defaultStyles&gt;&lt;/style&gt;&lt;contents&gt;&lt;textItem&gt;&lt;dataSource&gt;&lt;dataItemValue refDataItem="Daily Deaths Increase %"/&gt;&lt;/dataSource&gt;&lt;/textItem&gt;&lt;/contents&gt;&lt;/listColumnBody&gt;&lt;/listColumn&gt;&lt;/listColumns&gt;&lt;sortList&gt;&lt;sortItem refDataItem="Date"/&gt;&lt;/sortList&gt;&lt;/list&gt;&lt;/contents&gt;
						&lt;style&gt;
							&lt;defaultStyles&gt;
								&lt;defaultStyle refStyle="sb"/&gt;
							&lt;/defaultStyles&gt;
						&lt;/style&gt;
					&lt;/listColumnBody&gt;
				&lt;/listColumn&gt;
			&lt;/listColumns&gt;
			
			
			
			&lt;style&gt;
				&lt;CSS value="border-collapse:collapse;width:100%"/&gt;
				
			&lt;defaultStyles&gt;&lt;defaultStyle refStyle="sc"/&gt;&lt;/defaultStyles&gt;&lt;/style&gt;
		&lt;listGroups&gt;&lt;listGroup refDataItem="Country"&gt;&lt;listHeader&gt;&lt;listRows&gt;&lt;listRow&gt;&lt;rowCells&gt;&lt;rowCell&gt;&lt;contents&gt;&lt;textItem&gt;&lt;dataSource&gt;&lt;dataItemLabel refDataItem="Country"/&gt;&lt;/dataSource&gt;&lt;/textItem&gt;&lt;textItem&gt;&lt;dataSource&gt;&lt;staticValue&gt;: &lt;/staticValue&gt;&lt;/dataSource&gt;&lt;/textItem&gt;&lt;textItem&gt;&lt;dataSource&gt;&lt;dataItemValue refDataItem="Country"/&gt;&lt;/dataSource&gt;&lt;/textItem&gt;&lt;/contents&gt;&lt;style&gt;&lt;defaultStyles&gt;&lt;defaultStyle refStyle="sh"/&gt;&lt;/defaultStyles&gt;&lt;/style&gt;&lt;/rowCell&gt;&lt;/rowCells&gt;&lt;/listRow&gt;&lt;/listRows&gt;&lt;/listHeader&gt;&lt;XMLAttributes&gt;&lt;XMLAttribute output="no" name="RS_SectionedEdge" value="columns"/&gt;&lt;/XMLAttributes&gt;&lt;/listGroup&gt;&lt;/listGroups&gt;&lt;sectionsFrame sectionedEdge="columns" refFrame="List1"/&gt;&lt;/list&gt;&lt;/contents&gt;
								&lt;/pageBody&gt;
							&lt;/page&gt;
						&lt;/reportPages&gt;
					&lt;/layout&gt;
				&lt;/layouts&gt;
			&lt;queries&gt;&lt;query name="Query1"&gt;&lt;source&gt;&lt;model/&gt;&lt;/source&gt;&lt;selection&gt;&lt;dataItem aggregate="none" rollupAggregate="none" name="Country"&gt;&lt;expression&gt;[Presentation].[Cases].[Country]&lt;/expression&gt;&lt;XMLAttributes&gt;&lt;XMLAttribute output="no" name="RS_dataType" value="3"/&gt;&lt;XMLAttribute output="no" name="RS_dataUsage" value="1"/&gt;&lt;/XMLAttributes&gt;&lt;/dataItem&gt;&lt;dataItem aggregate="none" rollupAggregate="none" name="Date"&gt;&lt;expression&gt;[Presentation].[Cases].[Date]&lt;/expression&gt;&lt;XMLAttributes&gt;&lt;XMLAttribute output="no" name="RS_dataType" value="7"/&gt;&lt;XMLAttribute output="no" name="RS_dataUsage" value="1"/&gt;&lt;/XMLAttributes&gt;&lt;/dataItem&gt;&lt;dataItem aggregate="total" name="Total Tests"&gt;&lt;expression&gt;[Presentation].[Cases].[Total Tests]&lt;/expression&gt;&lt;XMLAttributes&gt;&lt;XMLAttribute output="no" name="RS_dataType" value="1"/&gt;&lt;XMLAttribute output="no" name="RS_dataUsage" value="2"/&gt;&lt;/XMLAttributes&gt;&lt;/dataItem&gt;&lt;dataItem aggregate="total" name="Total Cases"&gt;&lt;expression&gt;[Presentation].[Cases].[Total Cases]&lt;/expression&gt;&lt;XMLAttributes&gt;&lt;XMLAttribute output="no" name="RS_dataType" value="1"/&gt;&lt;XMLAttribute output="no" name="RS_dataUsage" value="2"/&gt;&lt;/XMLAttributes&gt;&lt;/dataItem&gt;&lt;dataItem aggregate="total" name="Total Deaths"&gt;&lt;expression&gt;[Presentation].[Cases].[Total Deaths]&lt;/expression&gt;&lt;XMLAttributes&gt;&lt;XMLAttribute output="no" name="RS_dataType" value="1"/&gt;&lt;XMLAttribute output="no" name="RS_dataUsage" value="2"/&gt;&lt;/XMLAttributes&gt;&lt;/dataItem&gt;&lt;dataItem name="Daily Tests"&gt;&lt;expression&gt;[Presentation].[Cases].[Daily Tests]&lt;/expression&gt;&lt;XMLAttributes&gt;&lt;XMLAttribute output="no" name="RS_dataUsage" value="2"/&gt;&lt;/XMLAttributes&gt;&lt;/dataItem&gt;&lt;dataItem name="Daily Cases"&gt;&lt;expression&gt;[Presentation].[Cases].[Daily Cases]&lt;/expression&gt;&lt;XMLAttributes&gt;&lt;XMLAttribute output="no" name="RS_dataUsage" value="2"/&gt;&lt;/XMLAttributes&gt;&lt;/dataItem&gt;&lt;dataItem name="Daily Deaths"&gt;&lt;expression&gt;[Presentation].[Cases].[Daily Deaths]&lt;/expression&gt;&lt;XMLAttributes&gt;&lt;XMLAttribute output="no" name="RS_dataUsage" value="2"/&gt;&lt;/XMLAttributes&gt;&lt;/dataItem&gt;&lt;dataItem aggregate="average" name="Daily Cases Increase %"&gt;&lt;expression&gt;[Presentation].[Cases].[Daily Cases Increase %]&lt;/expression&gt;&lt;XMLAttributes&gt;&lt;XMLAttribute output="no" name="RS_dataUsage" value="2"/&gt;&lt;/XMLAttributes&gt;&lt;/dataItem&gt;&lt;dataItem aggregate="average" name="Daily Deaths Increase %"&gt;&lt;expression&gt;[Presentation].[Cases].[Daily Deaths Increase %]&lt;/expression&gt;&lt;XMLAttributes&gt;&lt;XMLAttribute output="no" name="RS_dataUsage" value="2"/&gt;&lt;/XMLAttributes&gt;&lt;/dataItem&gt;&lt;/selection&gt;&lt;detailFilters&gt;&lt;detailFilter&gt;&lt;filterExpression&gt;[Daily Tests] is not null&lt;/filterExpression&gt;&lt;/detailFilter&gt;&lt;detailFilter&gt;&lt;filterExpression&gt;[Presentation].[Cases].[Country Code] = ?country?&lt;/filterExpression&gt;&lt;/detailFilter&gt;&lt;/detailFilters&gt;&lt;/query&gt;&lt;query name="qCountry"&gt;&lt;source&gt;&lt;model/&gt;&lt;/source&gt;&lt;selection&gt;&lt;dataItem aggregate="none" name="Country Code"&gt;&lt;expression&gt;[Presentation].[Cases].[Country Code]&lt;/expression&gt;&lt;/dataItem&gt;&lt;dataItem aggregate="none" sort="ascending" name="Country"&gt;&lt;expression&gt;[Presentation].[Cases].[Country]&lt;/expression&gt;&lt;/dataItem&gt;&lt;/selection&gt;&lt;/query&gt;&lt;/queries&gt;&lt;XMLAttributes&gt;&lt;XMLAttribute output="no" name="RS_CreateExtendedDataItems" value="true"/&gt;&lt;XMLAttribute output="no" name="listSeparator" value=";"/&gt;&lt;XMLAttribute output="no" name="decimalSeparator" value="."/&gt;&lt;/XMLAttributes&gt;&lt;classStyles&gt;&lt;classStyle name="GuidedLayoutLeftPadding"&gt;&lt;CSS value="padding-left:5px;border-top-width:1px;border-bottom-width:1px;border-left-width:1px;border-right-width:1px"/&gt;&lt;/classStyle&gt;&lt;classStyle name="GuidedLayoutTopPadding"&gt;&lt;CSS value="padding-top:5px;border-top-width:1px;border-bottom-width:1px;border-left-width:1px;border-right-width:1px"/&gt;&lt;/classStyle&gt;&lt;classStyle name="GuidedLayoutRightPadding"&gt;&lt;CSS value="padding-right:5px;border-top-width:1px;border-bottom-width:1px;border-left-width:1px;border-right-width:1px"/&gt;&lt;/classStyle&gt;&lt;classStyle name="GuidedLayoutBottomPadding"&gt;&lt;CSS value="padding-bottom:5px;border-top-width:1px;border-bottom-width:1px;border-left-width:1px;border-right-width:1px"/&gt;&lt;/classStyle&gt;&lt;classStyle name="GuidedLayoutMargin"&gt;&lt;CSS value="margin-bottom:10px"/&gt;&lt;/classStyle&gt;&lt;/classStyles&gt;&lt;modelPath&gt;/content/package[@name=&amp;apos;COVID-19&amp;apos;]/model[@name=&amp;apos;model&amp;apos;]&lt;/modelPath&gt;&lt;reportName&gt;Base&lt;/reportName&gt;&lt;/report&gt;</value>
			</specification>
		</props>
	</object>
	<object>
		<class>modelView</class>
		<name>[].[securityViews].[COVID-19]</name>
		<id>6</id>
		<parentId>3</parentId>
		<storeID>iA87520A37D7B4C759B14B44CC00D89FB</storeID>
		<props>
			<creationTime>
				<value>2020-03-31T15:28:16.174Z</value>
			</creationTime>
			<modificationTime>
				<value>2020-03-31T15:28:16.174Z</value>
			</modificationTime>
			<name>
				<value><item><locale xsi:type="xsd:string">en-gb</locale><value xsi:type="xsd:string">[].[securityViews].[COVID-19]</value></item>
</value>
			</name>
			<owner>
				<value><item><searchPath xsi:type="cm:stringProp">
	<value xsi:type="xsd:string" xml:space="preserve">CAMID("::Anonymous")</value>
</searchPath>
<storeID xsi:type="cm:guidProp">
	<value xsi:type="cm:guid" xml:space="preserve">xOjpBbm9ueW1vdXM_</value>
</storeID></item>
</value>
			</owner>
			<tenantID>
				<value></value>
			</tenantID>
		</props>
	</object>
  </objects>
</archive>
